id;schedule_created_by;schedule_creation_date;schedule_modified_by;schedule_modified_date
1;transmit Ways;2019-11-04;engage;2019-11-04
2;redefine transmitting;2019-11-05;Practical Steel Shirt Plastic Movies;2019-11-05
3;New Taiwan Dollar Zimbabwe parse;2019-11-04;Rhode Island capacitor;2019-11-04
4;enhance Multi-channelled purple;2019-11-05;mission-critical white SMTP;2019-11-04
5;Fantastic Concrete Computer Baby;2019-11-05;Springs connecting;2019-11-05
6;connecting Planner Refined;2019-11-04;Connecticut Burg;2019-11-05
7;bluetooth payment digital;2019-11-04;Checking Account;2019-11-04
8;Home Loan Account withdrawal;2019-11-05;Unbranded array;2019-11-05
9;Spurs Regional;2019-11-05;Switzerland CFP Franc;2019-11-04
10;Via;2019-11-04;compress Practical Steel Chips;2019-11-05
