id;theme_name;theme_description;theme_created_by;theme_creation_date;theme_modified_by;theme_modified_date
1;Auto Loan Account modular Refined;digital maroon;EXE projection Fresh;2019-11-05;Direct;2019-11-05
2;withdrawal;copying;ability Hat Iraq;2019-11-05;Bahamian Dollar;2019-11-05
3;User-centric Gloves;Mauritania;facilitate Tasty Concrete Chips Exclusive;2019-11-04;card Plastic;2019-11-04
4;mission-critical;Berkshire Small Plastic Pants Investor;Canadian Dollar;2019-11-05;Way Dominican Republic;2019-11-05
5;Handmade 24/7 Re-contextualized;web-enabled invoice withdrawal;bypassing optical;2019-11-05;Bedfordshire;2019-11-04
6;HDD;Algerian Dinar;firewall;2019-11-04;turn-key;2019-11-05
7;Quality;synthesize Creative;Forint;2019-11-04;azure;2019-11-05
8;Fiji Dollar Profound Bacon;Macao Equatorial Guinea Vision-oriented;Agent;2019-11-05;THX pink even-keeled;2019-11-04
9;programming SCSI drive;invoice Unbranded Cheese;New Zealand Dollar Alabama transform;2019-11-04;Supervisor clear-thinking;2019-11-05
10;Buckinghamshire Ports;Devolved driver Networked;Fish;2019-11-05;program alarm;2019-11-05
