id;student_schedule_created_by;student_schedule_creation_date;student_schedule_modified_by;student_schedule_modified_date
1;transmit Ways;2019-11-09;engage;2019-11-10
2;redefine transmitting;2019-11-10;Practical Steel Shirt Plastic Movies;2019-11-10
3;New Taiwan Dollar Zimbabwe parse;2019-11-10;Rhode Island capacitor;2019-11-10
4;enhance Multi-channelled purple;2019-11-10;mission-critical white SMTP;2019-11-10
5;Fantastic Concrete Computer Baby;2019-11-10;Springs connecting;2019-11-10
6;connecting Planner Refined;2019-11-10;Connecticut Burg;2019-11-10
7;bluetooth payment digital;2019-11-10;Checking Account;2019-11-09
8;Home Loan Account withdrawal;2019-11-10;Unbranded array;2019-11-10
9;Spurs Regional;2019-11-10;Switzerland CFP Franc;2019-11-10
10;Via;2019-11-10;compress Practical Steel Chips;2019-11-10
