id;subtheme_name;subtheme_description;subtheme_created_by;subtheme_creation_date;subtheme_modified_by;subtheme_modified_date;subtheme_max_grade
1;mobile Fish;Home Loan Account Table Computer;Trace;2020-03-09;Metal deposit;2020-03-10;96990
2;parsing red Chips;Money Market Account;Albania web-readiness;2020-03-09;Investment Account Steel;2020-03-09;97375
3;Multi-channelled Licensed;grey Cambridgeshire;Canyon HDD;2020-03-09;Centers;2020-03-10;94888
4;Planner cross-platform access;Public-key;infomediaries;2020-03-10;Buckinghamshire Games;2020-03-09;39106
5;Tuna;hardware Costa Rica Mayotte;Industrial;2020-03-09;Views e-enable Communications;2020-03-09;92187
6;Awesome;Aruba;software scale interactive;2020-03-09;compelling mission-critical;2020-03-09;27599
7;scalable;Small;deliverables reinvent 24 hour;2020-03-10;magenta monitor 1080p;2020-03-09;7404
8;world-class Frozen IB;Highway Ergonomic;moratorium moratorium;2020-03-09;withdrawal COM;2020-03-09;38292
9;Developer;synthesize Idaho compress;Sleek Metal Table Small;2020-03-09;red;2020-03-09;63641
10;knowledge base Buckinghamshire;Concrete Investment Account Saint Lucia;User-centric;2020-03-10;neutral Salad;2020-03-09;62435
